street,number,city,postcode
新城区,288号,广州,597779
胜利路,570号,广州,377398
光明路,987号,北京,597779
胜利路,856号,西安,308961
建设路,575号,杭州,498142
建设路,932号,武汉,237971
和平路,356号,西安,996868
开发区,781号,南京,901599
开发区,135号,重庆,588298
新城区,126号,西安,135660
光明路,108号,北京,184187
新华路,392号,深圳,295655
新华路,17号,成都,308961
胜利路,311号,南京,584740
中山路,981号,重庆,597779
光明路,217号,南京,597779
新华路,853号,成都,573642
开发区,310号,深圳,410145
中山路,804号,成都,597779
和平路,364号,深圳,597779
新城区,807号,西安,647336
人民路,293号,杭州,295655
中山路,165号,南京,421064
解放路,398号,广州,184187
新华路,996号,广州,732518
建设路,753号,上海,377398
光明路,919号,上海,129951
开发区,350号,西安,427440
建设路,676号,广州,767000
胜利路,991号,西安,287181
光明路,980号,杭州,184187
解放路,311号,成都,861102
胜利路,352号,西安,397798
新城区,376号,重庆,410145
光明路,547号,成都,901599
新城区,959号,武汉,996868
建设路,817号,杭州,901599
人民路,979号,武汉,597779
建设路,293号,深圳,732518
新华路,191号,杭州,619478
人民路,727号,深圳,421064
解放路,411号,广州,838358
和平路,438号,杭州,615390
中山路,413号,武汉,619478
胜利路,442号,武汉,597779
开发区,715号,北京,239375
中山路,450号,深圳,597779
胜利路,448号,武汉,184187
建设路,67号,杭州,308961
开发区,65号,北京,115302
人民路,131号,成都,615390
人民路,668号,重庆,789221
解放路,287号,北京,838358
人民路,227号,南京,397798
开发区,382号,武汉,647336
新华路,854号,杭州,284916
新城区,556号,上海,256186
胜利路,210号,武汉,588298
解放路,999号,西安,237971
开发区,990号,广州,237971
中山路,72号,南京,377398
新城区,192号,北京,706342
解放路,658号,西安,287181
新华路,902号,武汉,647336
光明路,27号,上海,483540
中山路,400号,武汉,619478
建设路,758号,成都,597779
胜利路,369号,重庆,789221
建设路,162号,南京,599543
新华路,772号,南京,838358
人民路,806号,南京,735069
和平路,451号,重庆,771934
光明路,201号,上海,599543
解放路,7号,上海,287181
建设路,337号,成都,457327
人民路,702号,杭州,573642
胜利路,860号,西安,615390
解放路,193号,武汉,239375
新华路,420号,广州,420789
人民路,764号,北京,967304
开发区,233号,北京,457327
开发区,231号,杭州,184187
解放路,689号,南京,410145
解放路,475号,上海,237971
建设路,443号,武汉,967304
光明路,227号,武汉,573642
中山路,30号,广州,767000
建设路,399号,成都,237971
光明路,333号,西安,184187
建设路,620号,广州,547553
建设路,806号,深圳,256186
和平路,588号,广州,239375
新华路,729号,广州,377398
新华路,999号,深圳,237971
新城区,148号,重庆,525894
胜利路,432号,西安,457327
新华路,223号,上海,789221
光明路,321号,深圳,841910
中山路,467号,上海,308961
中山路,97号,深圳,861102
和平路,89号,武汉,706342
中山路,628号,重庆,117242
光明路,632号,杭州,732518
人民路,686号,上海,841910
胜利路,670号,上海,672579
胜利路,607号,西安,256186
建设路,675号,重庆,351847
解放路,50号,杭州,838358
解放路,30号,西安,351847
开发区,521号,武汉,184187
和平路,52号,成都,420789
中山路,491号,上海,706342
中山路,999号,西安,397798
光明路,227号,北京,599543
和平路,677号,武汉,664773
建设路,201号,北京,856473
人民路,389号,南京,237971
和平路,576号,西安,599543
胜利路,162号,重庆,978669
中山路,526号,广州,420789
解放路,202号,广州,256186
开发区,56号,上海,584740
中山路,893号,重庆,256186
解放路,459号,武汉,599543
人民路,776号,深圳,584740
建设路,925号,杭州,256186
胜利路,141号,北京,647336
人民路,286号,北京,344984
光明路,444号,成都,420789
开发区,518号,南京,432477
光明路,429号,南京,767000
开发区,60号,南京,573642
开发区,576号,成都,117242
人民路,535号,上海,588298
解放路,961号,杭州,767000
解放路,492号,成都,597779
解放路,263号,深圳,856473
建设路,924号,深圳,647336
建设路,717号,重庆,498142
人民路,259号,上海,239375
光明路,146号,深圳,256186
新城区,128号,武汉,525894
胜利路,666号,杭州,129951
胜利路,294号,成都,129951
开发区,835号,深圳,115302
胜利路,374号,上海,115302
新城区,663号,上海,377398
新华路,4号,南京,239375
新城区,260号,深圳,599543
和平路,634号,重庆,967304
人民路,672号,西安,344984
开发区,309号,西安,706342
人民路,375号,西安,706342
开发区,30号,西安,732518
胜利路,324号,武汉,856473
解放路,109号,深圳,967304
中山路,807号,重庆,672579
光明路,118号,广州,308961
中山路,496号,广州,117242
人民路,263号,北京,706342
和平路,51号,南京,287181
中山路,978号,深圳,351847
新城区,765号,西安,584740
和平路,583号,南京,117242
新城区,230号,深圳,421064
建设路,578号,南京,841910
开发区,890号,成都,377398
开发区,638号,重庆,135660
解放路,697号,成都,597779
解放路,265号,重庆,547553
中山路,245号,南京,377398
光明路,526号,南京,838358
解放路,640号,北京,767000
和平路,933号,上海,901599
新华路,105号,广州,619478
和平路,345号,成都,432477
新城区,890号,成都,351847
解放路,236号,北京,735069
解放路,542号,广州,789221
新华路,98号,西安,901599
建设路,74号,北京,599543
光明路,250号,杭州,672579
人民路,620号,重庆,599543
胜利路,374号,重庆,397798
建设路,228号,重庆,420789
新城区,956号,上海,664773
中山路,693号,杭州,861102
新华路,765号,重庆,308961
开发区,197号,北京,619478
中山路,638号,成都,838358
解放路,151号,北京,838358
解放路,93号,武汉,732518
胜利路,878号,杭州,483540
人民路,291号,北京,432477
新城区,826号,武汉,287181
新华路,114号,西安,584740
开发区,863号,南京,856473
光明路,668号,南京,619478
人民路,564号,杭州,861102
光明路,550号,广州,664773
解放路,886号,南京,377398
开发区,381号,深圳,287181
胜利路,109号,重庆,432477
人民路,788号,南京,432477
解放路,196号,成都,237971
中山路,762号,上海,351847
人民路,763号,深圳,284916
光明路,443号,南京,771934
胜利路,512号,深圳,978669
和平路,10号,成都,295655
解放路,874号,杭州,397798
开发区,33号,深圳,588298
新华路,976号,上海,525894
人民路,283号,北京,256186
人民路,170号,杭州,584740
新华路,202号,成都,295655
胜利路,641号,武汉,184187
胜利路,587号,杭州,732518
解放路,488号,杭州,457327
和平路,318号,南京,547553
开发区,672号,广州,771934
胜利路,908号,南京,647336
人民路,852号,重庆,457327
新城区,981号,武汉,256186
光明路,998号,武汉,295655
建设路,147号,深圳,457327
建设路,880号,西安,901599
光明路,815号,杭州,284916
和平路,615号,上海,735069
开发区,544号,杭州,295655
新城区,203号,成都,184187
人民路,819号,成都,588298
开发区,447号,武汉,377398
人民路,819号,杭州,619478
建设路,728号,上海,584740
中山路,596号,重庆,861102
建设路,366号,杭州,664773
胜利路,706号,南京,525894
新城区,805号,广州,284916
解放路,158号,西安,420789
中山路,944号,深圳,410145
解放路,795号,上海,397798
新城区,9号,北京,129951
人民路,424号,北京,735069
建设路,70号,北京,767000
和平路,433号,杭州,619478
胜利路,980号,深圳,351847
开发区,56号,深圳,584740
新华路,340号,北京,117242
解放路,489号,重庆,135660
和平路,967号,广州,672579
解放路,210号,武汉,129951
光明路,66号,广州,432477
和平路,439号,武汉,410145
新城区,861号,上海,525894
建设路,19号,广州,597779
新华路,774号,北京,647336
胜利路,303号,北京,599543
建设路,621号,南京,525894
新城区,466号,重庆,856473
光明路,335号,南京,861102
建设路,207号,北京,237971
建设路,212号,上海,237971
解放路,26号,广州,767000
人民路,327号,广州,597779
开发区,966号,重庆,664773
人民路,87号,武汉,597779
解放路,427号,上海,256186
中山路,414号,南京,978669
新城区,797号,武汉,706342
开发区,38号,成都,351847
中山路,932号,重庆,735069
新华路,958号,上海,284916
新华路,299号,杭州,295655
新城区,335号,成都,861102
建设路,83号,广州,129951
中山路,465号,广州,129951
和平路,602号,西安,420789
中山路,613号,深圳,498142
解放路,938号,西安,256186
中山路,661号,深圳,135660
建设路,182号,杭州,838358
和平路,610号,杭州,421064
解放路,359号,西安,420789
开发区,716号,成都,410145
解放路,932号,北京,498142
胜利路,365号,上海,420789
人民路,440号,广州,420789
人民路,535号,广州,978669
中山路,302号,武汉,256186
解放路,746号,上海,344984
新城区,813号,成都,647336
解放路,448号,南京,547553
新华路,977号,杭州,498142
开发区,972号,上海,420789
解放路,383号,重庆,789221
胜利路,963号,武汉,410145
开发区,370号,上海,732518
解放路,917号,南京,117242
开发区,949号,杭州,838358