username,password,email,firstName,lastName
user001,tiWyU1lq6i,user001@foxmail.com,娟,赵
user002,M7Dst5CI7P4,user002@gmail.com,刚,马
user003,lpacUTlufOj,user003@sohu.com,玲,萧
user004,b4FF2vQIsEo,user004@hotmail.com,敏,李
user005,Hr50S0iVszV,user005@yahoo.com,磊,谢
user006,1tq4vasZJt,user006@foxmail.com,艳,杨
user007,eBJkiVM5,user007@yahoo.com,娜,萧
user008,ZpJ2XOP3XkA,user008@sina.com,磊,萧
user009,5RprXnx5hm,user009@qq.com,涛,王
user010,xZeHM0M4egj,user010@sohu.com,霞,宋
user011,jOiSRwlP2B1,user011@foxmail.com,强,萧
user012,Etk3J0muxFm,user012@qq.com,丽,冯
user013,cR8RhWDO7mJs,user013@163.com,芳,冯
user014,jLetp9D0F7D1,user014@outlook.com,芳,郑
user015,TWjkio6Ec,user015@hotmail.com,洋,朱
user016,QOnxZKBCf,user016@hotmail.com,鹏,孙
user017,1g3xj9sZ,user017@yahoo.com,艳,郭
user018,6LG1RcFjqJc,user018@126.com,敏,黄
user019,onAfi2NWvdLB,user019@126.com,娜,吴
user020,ss1vL0zNXTj,user020@163.com,红,郭
user021,yZOMiX22R7YM,user021@sina.com,敏,郑
user022,1UGeiH29WIt,user022@126.com,斌,吴
user023,4cxeGvWCe,user023@foxmail.com,敏,何
user024,4T6zoInj6ry,user024@sina.com,红,朱
user025,oWVkFSK4h,user025@hotmail.com,伟,高
user026,dYHj0hAJ,user026@outlook.com,玲,罗
user027,oZB20hzlhCI4,user027@qq.com,超,吴
user028,nzG6GipJKb8,user028@163.com,超,李
user029,FTlVRqQM5TS,user029@foxmail.com,军,王
user030,mmafqz0oDCr,user030@outlook.com,杰,朱
user031,h2L1yyAtxn,user031@hotmail.com,涛,马
user032,Y9T4LqpP,user032@gmail.com,飞,胡
user033,4CTYhHa0ibm,user033@gmail.com,华,马
user034,B2gJXnlNjO,user034@sina.com,玲,黄
user035,CWJbbqCr,user035@126.com,强,孙
user036,u2hV3GiEQg,user036@hotmail.com,鹏,董
user037,qzdkbRJyqr,user037@outlook.com,鹏,唐
user038,QXOwDnSnus,user038@hotmail.com,华,胡
user039,tdDYXexbQAY,user039@163.com,玲,罗
user040,n02qGzv7jm,user040@gmail.com,玲,于
user041,CRWX7nXI,user041@126.com,超,赵
user042,ypqxcYzVqq,user042@gmail.com,敏,赵
user043,GF2spE1ZHfA,user043@foxmail.com,平,黄
user044,uwXnVsUej,user044@outlook.com,敏,董
user045,Ec0uiHEVsE,user045@hotmail.com,鹏,王
user046,GY4JkMDOR,user046@hotmail.com,红,高
user047,Mss6Go6Zq6L,user047@sohu.com,霞,刘
user048,5HohsOtzk,user048@hotmail.com,玲,董
user049,BV6yPvAdW1tu,user049@hotmail.com,飞,唐
user050,qWf9E5BVPkB1,user050@gmail.com,丽,徐
user051,Syoqz3U0,user051@yahoo.com,婷,马
user052,HOJeGu92,user052@gmail.com,刚,唐
user053,6SVXMhly5kH,user053@126.com,娟,唐
user054,SpBgxXhfA,user054@foxmail.com,婷,唐
user055,Jat3dv8sl,user055@sohu.com,丽,梁
user056,GuZ3mATJESvW,user056@163.com,明,郑
user057,mhynzyQ7nVei,user057@126.com,霞,谢
user058,pL4RMW6zETR,user058@outlook.com,华,宋
user059,UEi11fkxRew,user059@126.com,婷,韩
user060,NbUy3R3D,user060@outlook.com,洋,李
user061,p2OZXAGuS,user061@outlook.com,芳,韩
user062,wX1g8gMvJr,user062@outlook.com,静,高
user063,vJaD4IQbGVi,user063@yahoo.com,平,郭
user064,iEpQkI0r,user064@gmail.com,斌,吴
user065,ceBnzYP74,user065@outlook.com,军,林
user066,H7oN8icO1A9I,user066@163.com,玲,徐
user067,2uKU2rTtWc0A,user067@hotmail.com,涛,黄
user068,CC5tGP6660,user068@126.com,鹏,何
user069,9RrHRyWbPFr,user069@outlook.com,丽,郭
user070,UxiBqiY8J1o,user070@163.com,平,陈
user071,yDwvRyQlWW,user071@gmail.com,强,刘
user072,q0fV6Kkzakn,user072@outlook.com,娜,胡
user073,UIU7Ay0iup,user073@yahoo.com,勇,徐
user074,jNr0WQcqZ9cU,user074@163.com,飞,赵
user075,xM8qMJSUW3pZ,user075@foxmail.com,杰,赵
user076,mbKlr9PG5Erj,user076@foxmail.com,静,林
user077,YB2dgER5JArC,user077@qq.com,涛,黄
user078,AZmW8xa9,user078@sohu.com,丹,韩
user079,A1PJ7DQBT,user079@hotmail.com,艳,徐
user080,hcnWwXPb3V,user080@gmail.com,杰,周
user081,sqQnlWOV,user081@sina.com,华,吴
user082,pjYzPcl3,user082@qq.com,玲,郑
user083,6QBaHwJ2,user083@163.com,娜,董
user084,Dch98D6VD,user084@yahoo.com,涛,王
user085,8q9FgAzhYNQe,user085@qq.com,艳,马
user086,6gns86mKC0F,user086@126.com,芳,陈
user087,3uP5IxSxs6P,user087@foxmail.com,斌,萧
user088,r13b3Ucq,user088@qq.com,飞,冯
user089,PSGdoXScjd,user089@gmail.com,芳,韩
user090,RVwOKduUULt,user090@yahoo.com,霞,梁
user091,Tob3yBbS,user091@outlook.com,飞,唐
user092,1CFUTP5LphDJ,user092@126.com,艳,吴
user093,gkkzj3wAnO,user093@126.com,辉,胡
user094,jBBelgfwnvC,user094@foxmail.com,军,徐
user095,rOtvSRmKtnm,user095@sina.com,平,周
user096,P1eDroKI5,user096@sina.com,伟,胡
user097,3YYPx7F4IIb,user097@foxmail.com,杰,郑
user098,5RmKtJAzHnu,user098@126.com,辉,胡
user099,EVSB9gc3adB,user099@hotmail.com,军,冯
user100,3uDfzJUcZxcM,user100@gmail.com,静,杨
user101,QgknOH8idP,user101@foxmail.com,玲,周
user102,vJC3dqydC,user102@sina.com,丹,林
user103,xiwdEulJ,user103@126.com,磊,张
user104,QMw6iBBDH,user104@outlook.com,艳,冯
user105,0tk15aZpfa3r,user105@gmail.com,杰,黄
user106,eyBKmes2,user106@sina.com,娜,周
user107,Gi0MSSjYRZM,user107@163.com,军,于
user108,VBz1E4WIc,user108@sina.com,斌,马
user109,7dBNbqjD,user109@yahoo.com,平,高
user110,Y7USfbLig,user110@outlook.com,勇,徐
user111,16gi5yO6,user111@foxmail.com,丹,刘
user112,YsRIAU3dijn,user112@163.com,娟,董
user113,oO4kTycfPV0,user113@sohu.com,刚,赵
user114,R3ji74zG,user114@yahoo.com,辉,陈
user115,mU8BfazuMezk,user115@hotmail.com,刚,李
user116,ESRMN5rNtg,user116@sohu.com,勇,郭
user117,Wn32fcSzf,user117@foxmail.com,敏,黄
user118,0Ubo1q916V,user118@yahoo.com,艳,董
user119,6AU77izRdOH,user119@sina.com,娟,于
user120,feoI21LxCk,user120@sina.com,飞,胡
user121,COckax6Gpnqz,user121@hotmail.com,静,陈
user122,nWr1rFtUCY,user122@qq.com,勇,刘
user123,YtMYTgyJwF,user123@yahoo.com,丽,郑
user124,jU8II0fJ,user124@163.com,敏,李
user125,IZ2zrkc3EJe,user125@hotmail.com,静,郭
user126,DqAnDpCU6E,user126@sina.com,平,唐
user127,nlG7MLtFi,user127@163.com,敏,何
user128,e7kIcDKFu,user128@126.com,伟,董
user129,faM7A82f,user129@163.com,勇,黄
user130,NvM9jc98,user130@sina.com,秀英,谢
user131,sK7EZkNf,user131@hotmail.com,娟,孙
user132,99P8Xyh1jd,user132@163.com,勇,于
user133,OZ8RaSquN,user133@hotmail.com,飞,谢
user134,CMOWcedJ0Cc,user134@outlook.com,磊,杨
user135,Ilb9xgHu,user135@hotmail.com,玲,冯
user136,fP1YOPl3,user136@yahoo.com,
